{"cameraMode":{"drawMode":0,"name":"Shaded","section":"Shading Mode"},"sceneLighting":true,"audioPlay":false,"sceneViewState":{"m_AlwaysRefresh":false,"showFog":true,"showSkybox":true,"showFlares":true,"showImageEffects":true,"showParticleSystems":true,"showVisualEffectGraphs":true,"m_FxEnabled":true},"in2DMode":false,"pivot":{"x":-22.491497039794923,"y":-47.85443115234375,"z":42.206295013427737},"rotation":{"x":0.012032996863126755,"y":-0.6175679564476013,"z":0.00946410745382309,"w":0.7863975167274475},"size":3.230440855026245,"orthographic":false}