{"cameraMode":{"drawMode":0,"name":"Shaded","section":"Shading Mode"},"sceneLighting":false,"audioPlay":false,"sceneViewState":{"m_AlwaysRefresh":false,"showFog":true,"showSkybox":false,"showFlares":true,"showImageEffects":true,"showParticleSystems":true,"showVisualEffectGraphs":true,"m_FxEnabled":true},"in2DMode":false,"pivot":{"x":-43.855682373046878,"y":-51.04621505737305,"z":129.17086791992188},"rotation":{"x":0.000989145366474986,"y":-0.9804108142852783,"z":0.1970139443874359,"w":0.004977992735803127},"size":0.8660253882408142,"orthographic":false}